simulation_id,agent_id,name,agent_type,epoch,reputation,resources,interactions_initiated,interactions_received,avg_p_initiated,avg_p_received,total_payoff,is_frozen,is_quarantined
evo_game_prisoners,honest_1,honest_1,honest,0,0.0,100.0,0,5,0.5,0.7264742078715924,4.764742078715924,False,False
evo_game_prisoners,honest_1,honest_1,honest,1,0.2594992852678989,100.0,1,3,0.7594992852678989,0.6535751677544268,3.4404495770623584,False,False
evo_game_prisoners,honest_1,honest_1,honest,2,0.4538026160126106,100.0,1,4,0.6943033307447117,0.7163374468725694,2.854085461561582,False,False
evo_game_prisoners,honest_1,honest_1,honest,3,0.6491858189137757,100.0,1,1,0.6953832029011651,0.6651988822721061,1.7211641703465426,False,False
evo_game_prisoners,honest_1,honest_1,honest,4,0.6491858189137757,100.0,0,2,0.5,0.7490480123843692,1.9961920495374772,False,False
evo_game_prisoners,honest_1,honest_1,honest,5,0.6491858189137757,100.0,0,2,0.5,0.6815268241073068,1.7261072964292272,False,False
evo_game_prisoners,honest_1,honest_1,honest,6,1.1637799533883921,100.0,3,1,0.6715313781582054,0.7109710908240336,3.4511304505973,False,False
evo_game_prisoners,honest_1,honest_1,honest,7,1.4805935247575992,100.0,1,1,0.8168135713692071,0.7256210907983155,1.1336271427384141,False,False
evo_game_prisoners,honest_1,honest_1,honest,8,1.4805935247575992,100.0,0,3,0.5,0.6652377267320068,2.4914263603920404,False,False
evo_game_prisoners,honest_1,honest_1,honest,9,1.4805935247575992,100.0,0,2,0.5,0.7345884855585834,1.9383539422343334,False,False
evo_game_prisoners,honest_2,honest_2,honest,0,0.3022051568395562,100.0,1,1,0.8022051568395562,0.5360761906070983,1.676562694893309,False,False
evo_game_prisoners,honest_2,honest_2,honest,1,0.3022051568395562,100.0,0,1,0.5,0.7562616317247411,1.0125232634494823,False,False
evo_game_prisoners,honest_2,honest_2,honest,2,0.3022051568395562,100.0,0,0,0.5,0.5,0.0,False,False
evo_game_prisoners,honest_2,honest_2,honest,3,0.4674040391116623,100.0,1,0,0.6651988822721061,0.5,0.8303977645442122,False,False
evo_game_prisoners,honest_2,honest_2,honest,4,0.4674040391116623,100.0,0,0,0.5,0.5,0.0,False,False
evo_game_prisoners,honest_2,honest_2,honest,5,0.6181868888884475,100.0,1,0,0.6507828497767852,0.5,0.8015656995535705,False,False
evo_game_prisoners,honest_2,honest_2,honest,6,0.8291579797124812,100.0,1,0,0.7109710908240336,0.5,0.9219421816480674,False,False
evo_game_prisoners,honest_2,honest_2,honest,7,0.8291579797124812,100.0,0,0,0.5,0.5,0.0,False,False
evo_game_prisoners,honest_2,honest_2,honest,8,0.8291579797124812,100.0,0,0,0.5,0.5,0.0,False,False
evo_game_prisoners,honest_2,honest_2,honest,9,1.0307533920718868,100.0,1,0,0.7015954123594057,0.5,0.9031908247188115,False,False
evo_game_prisoners,honest_3,honest_3,honest,0,0.6216267772748891,100.0,2,0,0.8108133886374446,0.5,2.2432535545497783,False,False
evo_game_prisoners,honest_3,honest_3,honest,1,0.6216267772748891,100.0,0,3,0.5,0.6137978640854772,2.1827871845128626,False,False
evo_game_prisoners,honest_3,honest_3,honest,2,1.240109771839763,100.0,2,2,0.8092414972824369,0.6095678953431298,3.675237570502267,False,False
evo_game_prisoners,honest_3,honest_3,honest,3,1.240109771839763,100.0,0,2,0.5,0.6700750858499294,1.6803003433997175,False,False
evo_game_prisoners,honest_3,honest_3,honest,4,1.240109771839763,100.0,0,0,0.5,0.5,0.0,False,False
evo_game_prisoners,honest_3,honest_3,honest,5,1.4523805702775912,100.0,1,0,0.7122707984378284,0.5,0.9245415968756567,False,False
evo_game_prisoners,honest_3,honest_3,honest,6,1.4523805702775912,100.0,0,2,0.5,0.6671011538596321,1.6684046154385286,False,False
evo_game_prisoners,honest_3,honest_3,honest,7,1.6780016610759065,100.0,1,2,0.7256210907983155,0.716701634366976,2.818048719064535,False,False
evo_game_prisoners,honest_3,honest_3,honest,8,1.6780016610759065,100.0,0,0,0.5,0.5,0.0,False,False
evo_game_prisoners,honest_3,honest_3,honest,9,1.6780016610759065,100.0,0,0,0.5,0.5,0.0,False,False
evo_game_prisoners,honest_4,honest_4,honest,0,0.17330641640288458,100.0,1,0,0.6733064164028846,0.5,0.846612832805769,False,False
evo_game_prisoners,honest_4,honest_4,honest,1,0.544229638556423,100.0,2,0,0.6854616110767693,0.5,1.741846444307077,False,False
evo_game_prisoners,honest_4,honest_4,honest,2,0.717246583789865,100.0,1,0,0.673016945233442,0.5,0.8460338904668839,False,False
evo_game_prisoners,honest_4,honest_4,honest,3,0.717246583789865,100.0,0,0,0.5,0.5,0.0,False,False
evo_game_prisoners,honest_4,honest_4,honest,4,1.2153426085586037,100.0,2,2,0.7490480123843692,0.5735801239702265,2.58898754786195,False,False
evo_game_prisoners,honest_4,honest_4,honest,5,1.2153426085586037,100.0,0,0,0.5,0.5,0.0,False,False
evo_game_prisoners,honest_4,honest_4,honest,6,1.2153426085586037,100.0,0,3,0.5,0.5945984305621329,2.067590583372797,False,False
evo_game_prisoners,honest_4,honest_4,honest,7,1.2153426085586037,100.0,0,0,0.5,0.5,0.0,False,False
evo_game_prisoners,honest_4,honest_4,honest,8,1.5501637123890015,100.0,1,0,0.834821103830398,0.5,1.169642207660796,False,False
evo_game_prisoners,honest_4,honest_4,honest,9,1.8177452711467625,100.0,1,0,0.767581558757761,0.5,1.035163117515522,False,False
evo_game_prisoners,opportunistic_1,opportunistic_1,opportunistic,0,0.0,100.0,2,0,0.6367015634667812,0.5,1.546806253867125,False,False
evo_game_prisoners,opportunistic_1,opportunistic_1,opportunistic,1,0.08980228110974187,100.0,1,0,0.5898022811097419,0.5,0.6796045622194837,False,False
evo_game_prisoners,opportunistic_1,opportunistic_1,opportunistic,2,0.08980228110974187,100.0,1,0,0.6595365663595715,0.5,0.819073132719143,False,False
evo_game_prisoners,opportunistic_1,opportunistic_1,opportunistic,3,0.08980228110974187,100.0,2,0,0.5114336662060284,0.5,1.0457346648241135,False,False
evo_game_prisoners,opportunistic_1,opportunistic_1,opportunistic,4,0.09722617115976051,100.0,1,5,0.5074238900500186,0.7355197066982988,4.296639659280762,False,False
evo_game_prisoners,opportunistic_1,opportunistic_1,opportunistic,5,0.09722617115976051,100.0,0,4,0.5,0.7852198670261522,4.281758936209218,False,False
evo_game_prisoners,opportunistic_1,opportunistic_1,opportunistic,6,0.09722617115976051,100.0,0,4,0.5,0.7677086795353517,4.141669436282814,False,False
evo_game_prisoners,opportunistic_1,opportunistic_1,opportunistic,7,0.4325721046059886,100.0,2,4,0.667672966723114,0.7891895819307722,4.8859629352450815,False,False
evo_game_prisoners,opportunistic_1,opportunistic_1,opportunistic,8,0.47976421501143074,100.0,1,4,0.5471921104054421,0.7876856568946471,3.7645634349963464,False,False
evo_game_prisoners,opportunistic_1,opportunistic_1,opportunistic,9,0.5164963380901936,100.0,1,3,0.5367321230787628,0.759708600935415,2.5858761727734585,False,False
evo_game_prisoners,opportunistic_2,opportunistic_2,opportunistic,0,0.036076190607098324,100.0,1,2,0.5360761906070983,0.6367015634667812,0.5721523812141966,False,False
evo_game_prisoners,opportunistic_2,opportunistic_2,opportunistic,1,0.37247943632139136,100.0,2,0,0.6682016228571466,0.5,1.672806491428586,False,False
evo_game_prisoners,opportunistic_2,opportunistic_2,opportunistic,2,0.4463292840133529,100.0,1,0,0.5738498476919616,0.5,0.6476996953839231,False,False
evo_game_prisoners,opportunistic_2,opportunistic_2,opportunistic,3,0.4463292840133529,100.0,2,0,0.5034643781302397,0.5,1.013857512520959,False,False
evo_game_prisoners,opportunistic_2,opportunistic_2,opportunistic,4,0.4463292840133529,100.0,0,2,0.5,0.5252769367061145,1.1011077468244581,False,False
evo_game_prisoners,opportunistic_2,opportunistic_2,opportunistic,5,0.48920544439229385,100.0,1,0,0.5428761603789409,0.5,0.5857523207578819,False,False
evo_game_prisoners,opportunistic_2,opportunistic_2,opportunistic,6,0.5377386067690392,100.0,2,0,0.5899957998861469,0.5,1.359983199544588,False,False
evo_game_prisoners,opportunistic_2,opportunistic_2,opportunistic,7,0.6141931864838467,100.0,2,1,0.6362032803495954,0.7187562360814832,1.5448131213983816,False,False
evo_game_prisoners,opportunistic_2,opportunistic_2,opportunistic,8,0.6335863773012236,100.0,2,5,0.6063100942230844,0.7444753944535354,5.309533420986811,False,False
evo_game_prisoners,opportunistic_2,opportunistic_2,opportunistic,9,0.6335863773012236,100.0,0,5,0.5,0.7258678030773136,4.758678030773135,False,False
evo_game_prisoners,opportunistic_3,opportunistic_3,opportunistic,0,0.03523268884063191,100.0,1,0,0.5352326888406319,0.5,0.5704653776812638,False,False
evo_game_prisoners,opportunistic_3,opportunistic_3,opportunistic,1,0.03698538183961242,100.0,2,0,0.5858942933361369,0.5,1.3435771733445472,False,False
evo_game_prisoners,opportunistic_3,opportunistic_3,opportunistic,2,0.06181784178116034,100.0,1,0,0.5248324599415479,0.5,0.5496649198830958,False,False
evo_game_prisoners,opportunistic_3,opportunistic_3,opportunistic,3,0.2065848105798539,100.0,2,0,0.6363326613082825,0.5,1.5453306452331297,False,False
evo_game_prisoners,opportunistic_3,opportunistic_3,opportunistic,4,0.39687504188251743,100.0,3,0,0.5634300771008879,0.5,1.880580462605327,False,False
evo_game_prisoners,opportunistic_3,opportunistic_3,opportunistic,5,0.39687504188251743,100.0,1,1,0.6122160743399476,0.5428761603789409,1.310184469437777,False,False
evo_game_prisoners,opportunistic_3,opportunistic_3,opportunistic,6,0.4517453444368186,100.0,1,0,0.5548703025543011,0.5,0.6097406051086023,False,False
evo_game_prisoners,opportunistic_3,opportunistic_3,opportunistic,7,0.4517453444368186,100.0,0,0,0.5,0.5,0.0,False,False
evo_game_prisoners,opportunistic_3,opportunistic_3,opportunistic,8,0.5654453103969985,100.0,1,0,0.61369996596018,0.5,0.7273999319203599,False,False
evo_game_prisoners,opportunistic_3,opportunistic_3,opportunistic,9,0.6565640397737202,100.0,1,0,0.5911187293767217,0.5,0.6822374587534434,False,False
evo_game_prisoners,cautious_reciprocator_1,cautious_reciprocator_1,honest,0,0.0,100.0,0,0,0.5,0.5,0.0,False,False
evo_game_prisoners,cautious_reciprocator_1,cautious_reciprocator_1,honest,1,0.0,100.0,0,1,0.5,0.6700358936732931,0.8400717873465862,False,False
evo_game_prisoners,cautious_reciprocator_1,cautious_reciprocator_1,honest,2,0.0,100.0,0,1,0.5,0.6595365663595715,0.819073132719143,False,False
evo_game_prisoners,cautious_reciprocator_1,cautious_reciprocator_1,honest,3,0.0,100.0,0,1,0.5,0.5209000966539304,0.5418001933078609,False,False
evo_game_prisoners,cautious_reciprocator_1,cautious_reciprocator_1,honest,4,0.0,100.0,0,0,0.5,0.5,0.0,False,False
evo_game_prisoners,cautious_reciprocator_1,cautious_reciprocator_1,honest,5,0.0,100.0,0,0,0.5,0.5,0.0,False,False
evo_game_prisoners,cautious_reciprocator_1,cautious_reciprocator_1,honest,6,0.0,100.0,0,0,0.5,0.5,0.0,False,False
evo_game_prisoners,cautious_reciprocator_1,cautious_reciprocator_1,honest,7,0.0,100.0,0,1,0.5,0.6959519809843833,0.8919039619687664,False,False
evo_game_prisoners,cautious_reciprocator_1,cautious_reciprocator_1,honest,8,1.2223769722676774,100.0,5,0,0.7444753944535354,0.5,4.944753944535355,False,False
evo_game_prisoners,cautious_reciprocator_1,cautious_reciprocator_1,honest,9,2.3517159876542455,100.0,5,0,0.7258678030773136,0.5,4.758678030773135,False,False
evo_game_prisoners,cautious_reciprocator_2,cautious_reciprocator_2,honest,0,0.0,100.0,0,0,0.5,0.5,0.0,False,False
evo_game_prisoners,cautious_reciprocator_2,cautious_reciprocator_2,honest,1,0.0,100.0,0,0,0.5,0.5,0.0,False,False
evo_game_prisoners,cautious_reciprocator_2,cautious_reciprocator_2,honest,2,0.0,100.0,0,0,0.5,0.5,0.0,False,False
evo_game_prisoners,cautious_reciprocator_2,cautious_reciprocator_2,honest,3,0.0,100.0,0,0,0.5,0.5,0.0,False,False
evo_game_prisoners,cautious_reciprocator_2,cautious_reciprocator_2,honest,4,0.0,100.0,0,0,0.5,0.5,0.0,False,False
evo_game_prisoners,cautious_reciprocator_2,cautious_reciprocator_2,honest,5,0.0,100.0,0,0,0.5,0.5,0.0,False,False
evo_game_prisoners,cautious_reciprocator_2,cautious_reciprocator_2,honest,6,0.0,100.0,0,0,0.5,0.5,0.0,False,False
evo_game_prisoners,cautious_reciprocator_2,cautious_reciprocator_2,honest,7,0.0,100.0,0,0,0.5,0.5,0.0,False,False
evo_game_prisoners,cautious_reciprocator_2,cautious_reciprocator_2,honest,8,0.0,100.0,0,1,0.5,0.6932269976287917,0.8864539952575834,False,False
evo_game_prisoners,cautious_reciprocator_2,cautious_reciprocator_2,honest,9,0.0,100.0,0,0,0.5,0.5,0.0,False,False
evo_game_prisoners,cautious_reciprocator_3,cautious_reciprocator_3,honest,0,0.0,100.0,0,0,0.5,0.5,0.0,False,False
evo_game_prisoners,cautious_reciprocator_3,cautious_reciprocator_3,honest,1,0.0,100.0,0,0,0.5,0.5,0.0,False,False
evo_game_prisoners,cautious_reciprocator_3,cautious_reciprocator_3,honest,2,0.0,100.0,0,0,0.5,0.5,0.0,False,False
evo_game_prisoners,cautious_reciprocator_3,cautious_reciprocator_3,honest,3,0.0,100.0,0,4,0.5,0.5341985864591192,2.273588691672954,False,False
evo_game_prisoners,cautious_reciprocator_3,cautious_reciprocator_3,honest,4,1.1775985334914938,100.0,5,0,0.7355197066982988,0.5,4.855197066982988,False,False
evo_game_prisoners,cautious_reciprocator_3,cautious_reciprocator_3,honest,5,2.3184780015961026,100.0,4,1,0.7852198670261522,0.6122160743399476,5.006191084889113,False,False
evo_game_prisoners,cautious_reciprocator_3,cautious_reciprocator_3,honest,6,3.3893127197375095,100.0,4,1,0.7677086795353517,0.6314584373955486,4.904586311073912,False,False
evo_game_prisoners,cautious_reciprocator_3,cautious_reciprocator_3,honest,7,4.546071047460598,100.0,4,1,0.7891895819307722,0.5764545797148075,4.966425814875793,False,False
evo_game_prisoners,cautious_reciprocator_3,cautious_reciprocator_3,honest,8,5.696813675039187,100.0,4,1,0.7876856568946471,0.5193931908173769,4.840271636791931,False,False
evo_game_prisoners,cautious_reciprocator_3,cautious_reciprocator_3,honest,9,6.475939477845432,100.0,3,2,0.759708600935415,0.5639254262277422,4.313953310523459,False,False
